,tic,url,supply_chain_risk,regulatory_risk,inflationary_risk,macro_risk,debt_risk,liquidity_risk,doctype
1,MMM,https://www.sec.gov/Archives/edgar/data/66740/000155837020000581/mmm-20191231x10k62bf35.htm,3.0,6.0,1.0,4.0,1.0,0.0,Risk Section
2,ABT,https://www.sec.gov/Archives/edgar/data/1800/000110465920023904/abt-20191231x10k59d41b.htm,4.0,7.0,2.0,5.0,3.0,1.0,Risk Section
3,ABBV,https://www.sec.gov/Archives/edgar/data/1551152/000155115220000007/abbv-20191231x10k.htm,2.0,7.0,2.0,3.0,4.0,0.0,Risk Section
4,ABMD,https://www.sec.gov/Archives/edgar/data/815094/000156459019020329/abmd-10k_20190331.htm,3.0,11.0,0.0,7.0,1.0,2.0,Risk Section
5,ACN,https://www.sec.gov/Archives/edgar/data/1467373/000146737319000339/acn831201910k.htm,4.0,10.0,1.0,6.0,2.0,0.0,Risk Section
6,ATVI,https://www.sec.gov/Archives/edgar/data/718877/000071887720000003/atvi-12312019x10xk.htm,2.0,7.0,0.0,5.0,3.0,1.0,Risk Section
7,ADBE,https://www.sec.gov/Archives/edgar/data/796343/000079634320000013/adbe10kfy19.htm,5.0,6.0,0.0,4.0,3.0,3.0,Risk Section
8,AMD,https://www.sec.gov/Archives/edgar/data/2488/000000248820000008/amdform10-kfy2019.htm,11.0,1.0,0.0,8.0,3.0,0.0,Risk Section
9,AAP,https://www.sec.gov/Archives/edgar/data/1158449/000115844920000035/aap10k12282019secreport.htm,6.0,3.0,0.0,1.0,0.0,0.0,Risk Section
10,AES,https://www.sec.gov/Archives/edgar/data/874761/000087476120000012/a2019form10-k.htm,0.0,0.0,0.0,0.0,0.0,0.0,Risk Section
11,AFL,https://www.sec.gov/Archives/edgar/data/4977/000000497720000044/afl12311910k.htm,3.0,17.0,1.0,13.0,13.0,11.0,Risk Section
12,A,https://www.sec.gov/Archives/edgar/data/1090872/000109087219000022/a-10312019x10k.htm,2.0,3.0,0.0,1.0,0.0,2.0,Risk Section
13,APD,https://www.sec.gov/Archives/edgar/data/2969/000000296919000051/apd-10xkx30sep19.htm,6.0,9.0,0.0,6.0,2.0,0.0,Risk Section
14,AKAM,https://www.sec.gov/Archives/edgar/data/1086222/000108622220000045/akam10k123119.htm,0.0,0.0,0.0,0.0,0.0,0.0,Risk Section
15,ALK,https://www.sec.gov/Archives/edgar/data/766421/000076642120000013/alk-20191231.htm,1.0,5.0,0.0,2.0,1.0,0.0,Risk Section
16,ALB,https://www.sec.gov/Archives/edgar/data/915913/000091591320000040/a1231201910-kdocument.htm,5.0,10.0,1.0,6.0,5.0,0.0,Risk Section
17,ARE,https://www.sec.gov/Archives/edgar/data/1035443/000103544320000042/a4q1910-k.htm,0.0,0.0,0.0,0.0,0.0,0.0,Risk Section
18,ALXN,https://www.sec.gov/Archives/edgar/data/899866/000089986620000012/alxn10k12312019.htm,5.0,26.0,1.0,9.0,4.0,0.0,Risk Section
19,ALGN,https://www.sec.gov/Archives/edgar/data/1097149/000109714920000008/algn-20191231x10k.htm,4.0,12.0,0.0,5.0,1.0,2.0,Risk Section
20,ALLE,https://www.sec.gov/Archives/edgar/data/1579241/000157924120000013/alle10k12312019doc.htm,7.0,8.0,1.0,5.0,3.0,3.0,Risk Section
21,LNT,https://www.sec.gov/Archives/edgar/data/52485/000035254120000021/lnt1231201910-k.htm,1.0,6.0,0.0,0.0,0.0,0.0,Risk Section
22,ALL,https://www.sec.gov/Archives/edgar/data/899051/000089905120000013/allcorp-12311910xk.htm,0.0,14.0,3.0,5.0,2.0,7.0,Risk Section
23,GOOGL,https://www.sec.gov/Archives/edgar/data/1652044/000165204420000008/goog10-k2019.htm,4.0,5.0,0.0,9.0,2.0,2.0,Risk Section
24,GOOG,https://www.sec.gov/Archives/edgar/data/1652044/000165204420000008/goog10-k2019.htm,4.0,5.0,0.0,9.0,2.0,2.0,Risk Section
25,MO,https://www.sec.gov/Archives/edgar/data/764180/000076418020000018/a2019form10-kq4.htm,5.0,7.0,0.0,4.0,0.0,0.0,Risk Section
26,AMZN,https://www.sec.gov/Archives/edgar/data/1018724/000101872420000004/amzn-20191231x10k.htm,2.0,6.0,0.0,9.0,2.0,1.0,Risk Section
27,AMCR,https://www.sec.gov/Archives/edgar/data/1748790/000174879019000003/amcor-2019form10xkxjune302.htm,5.0,5.0,0.0,5.0,3.0,1.0,Risk Section
28,AEE,https://www.sec.gov/Archives/edgar/data/18654/000100291020000077/aee201910-k.htm,0.0,0.0,0.0,0.0,0.0,0.0,Risk Section
29,AAL,https://www.sec.gov/Archives/edgar/data/4515/000000620120000023/a10k123119.htm,2.0,10.0,0.0,3.0,2.0,4.0,Risk Section
30,AEP,https://www.sec.gov/Archives/edgar/data/4904/000000490420000007/aep10klegal20194q.htm,5.0,8.0,0.0,5.0,3.0,1.0,Risk Section
31,AXP,https://www.sec.gov/Archives/edgar/data/4962/000000496220000030/axp-20191231.htm,1.0,14.0,1.0,8.0,7.0,8.0,Risk Section
32,AIG,https://www.sec.gov/Archives/edgar/data/5272/000110465920023889/aig-20191231.htm,0.0,36.0,1.0,9.0,11.0,25.0,Risk Section
33,AMT,https://www.sec.gov/Archives/edgar/data/1053507/000105350720000028/amt1231201910k.htm,0.0,4.0,2.0,5.0,4.0,1.0,Risk Section
34,AWK,https://www.sec.gov/Archives/edgar/data/1410636/000141063620000040/a12312019-awkx10kdocum.htm,8.0,16.0,1.0,1.0,10.0,11.0,Risk Section
35,AMP,https://www.sec.gov/Archives/edgar/data/820027/000082002720000010/amp12312019.htm,0.0,31.0,1.0,14.0,9.0,11.0,Risk Section
36,ABC,https://www.sec.gov/Archives/edgar/data/1140859/000114085919000040/a10-kx9302019.htm,5.0,12.0,1.0,4.0,2.0,3.0,Risk Section
37,AME,https://www.sec.gov/Archives/edgar/data/1037868/000119312520043133/d878806d10k.htm,3.0,2.0,0.0,3.0,0.0,0.0,Risk Section
38,AMGN,https://www.sec.gov/Archives/edgar/data/318154/000031815420000019/amgn-12312019x10kq420191.htm,0.0,0.0,0.0,0.0,0.0,0.0,10K
39,APH,https://www.sec.gov/Archives/edgar/data/820313/000155837020000728/aph-20191231x10k7e830b.htm,8.0,6.0,2.0,9.0,2.0,2.0,Risk Section
40,ADI,https://www.sec.gov/Archives/edgar/data/6281/000000628119000144/adi-20191102.htm,5.0,4.0,0.0,6.0,2.0,0.0,Risk Section
41,ANSS,https://www.sec.gov/Archives/edgar/data/1013462/000101346220000004/anss2019123110k.htm,0.0,0.0,0.0,0.0,0.0,0.0,Risk Section
42,ANTM,https://www.sec.gov/Archives/edgar/data/1156039/000115603920000003/antm-2019123110kq42019.htm,1.0,20.0,0.0,6.0,5.0,3.0,Risk Section
43,AON,https://www.sec.gov/Archives/edgar/data/315293/000162828020001607/aonplc201910-k.htm,0.0,13.0,2.0,9.0,6.0,6.0,Risk Section
44,AOS,https://www.sec.gov/Archives/edgar/data/91142/000119312520046736/d846284d10k.htm,4.0,3.0,0.0,4.0,1.0,0.0,Risk Section
45,AAPL,https://www.sec.gov/Archives/edgar/data/320193/000032019319000119/a10-k20199282019.htm,0.0,0.0,0.0,0.0,0.0,0.0,Risk Section
46,AMAT,https://www.sec.gov/Archives/edgar/data/6951/000000695119000046/amat-20191027.htm,9.0,5.0,0.0,6.0,6.0,2.0,Risk Section
47,APTV,https://www.sec.gov/Archives/edgar/data/1521332/000152133220000012/aptv1231201910-k.htm,7.0,7.0,1.0,4.0,0.0,0.0,Risk Section
48,ADM,https://www.sec.gov/Archives/edgar/data/7084/000000708420000009/adm-20191231x10k.htm,6.0,8.0,0.0,6.0,2.0,1.0,Risk Section
49,ANET,https://www.sec.gov/Archives/edgar/data/1596532/000159653220000024/anet20191231-10k.htm,13.0,6.0,1.0,13.0,4.0,1.0,Risk Section
50,AJG,https://www.sec.gov/Archives/edgar/data/354190/000119312520028191/d879025d10k.htm,1.0,14.0,0.0,9.0,6.0,4.0,Risk Section
51,AIZ,https://www.sec.gov/Archives/edgar/data/1267238/000126723820000004/aiz1231201910k.htm,1.0,34.0,8.0,16.0,7.0,4.0,Risk Section
52,T,https://www.sec.gov/Archives/edgar/data/732717/000156276220000064/t-20191231.htm,1.0,8.0,1.0,27.0,24.0,1.0,Risk Section
53,ATO,https://www.sec.gov/Archives/edgar/data/731802/000073180219000037/ato201993010-k.htm,1.0,5.0,0.0,0.0,0.0,1.0,Risk Section
54,ADSK,https://www.sec.gov/Archives/edgar/data/769397/000076939719000016/adsk-0131201910xk.htm,1.0,8.0,2.0,12.0,1.0,0.0,Risk Section
55,ADP,https://www.sec.gov/Archives/edgar/data/8670/000000867019000021/q4fy1910k.htm,0.0,7.0,0.0,4.0,0.0,2.0,Risk Section
56,AZO,https://www.sec.gov/Archives/edgar/data/866787/000119312519276201/d771460d10k.htm,7.0,6.0,0.0,5.0,0.0,0.0,Risk Section
57,AVB,https://www.sec.gov/Archives/edgar/data/915912/000091591220000004/a201910-k.htm,0.0,0.0,0.0,0.0,0.0,0.0,Risk Section
58,AVY,https://www.sec.gov/Archives/edgar/data/8818/000110465920025360/avy-20191228x10k9cf60b.htm,6.0,6.0,1.0,6.0,3.0,0.0,Risk Section
59,BKR,https://www.sec.gov/Archives/edgar/data/1701605/000170160520000019/fiscalyear2019form10-k.htm,1.0,2.0,1.0,1.0,0.0,0.0,Risk Section
60,BLL,https://www.sec.gov/Archives/edgar/data/9389/000155837020001005/bll-20191231x10k1a847a.htm,7.0,5.0,0.0,7.0,3.0,2.0,Risk Section
61,BAC,https://www.sec.gov/Archives/edgar/data/70858/000007085820000011/bac-1231201910xk.htm,4.0,34.0,1.0,18.0,20.0,30.0,Risk Section
62,BK,https://www.sec.gov/Archives/edgar/data/1390777/000139077720000044/form10-k4q19.htm,0.0,0.0,0.0,0.0,0.0,0.0,Risk Section
63,BAX,https://www.sec.gov/Archives/edgar/data/10456/000156459019003727/bax-10k_20181231.htm,4.0,7.0,1.0,9.0,1.0,2.0,Risk Section
64,BDX,https://www.sec.gov/Archives/edgar/data/10795/000001079519000044/bdx2019-09x3010xk.htm,4.0,12.0,0.0,8.0,0.0,1.0,Risk Section
65,BRK-B,https://www.sec.gov/Archives/edgar/data/1067983/000156459020005874/brka-10k_20191231.htm,1.0,6.0,0.0,0.0,2.0,3.0,Risk Section
66,BBY,https://www.sec.gov/Archives/edgar/data/764478/000076447819000009/bby-2019x10k.htm,5.0,8.0,1.0,5.0,2.0,2.0,Risk Section
67,BIO,https://www.sec.gov/Archives/edgar/data/12208/000001220819000014/a10k123118.htm,0.0,0.0,0.0,0.0,0.0,0.0,Risk Section
68,BIIB,https://www.sec.gov/Archives/edgar/data/875045/000087504520000005/biib-20191231x10k.htm,9.0,26.0,1.0,3.0,4.0,2.0,Risk Section
69,BLK,https://www.sec.gov/Archives/edgar/data/1364742/000156459020007807/blk-10k_20191231.htm,2.0,25.0,0.0,12.0,4.0,7.0,Risk Section
70,BA,https://www.sec.gov/Archives/edgar/data/12927/000001292720000014/a201912dec3110k.htm,5.0,3.0,0.0,5.0,1.0,0.0,Risk Section
71,BKNG,https://www.sec.gov/Archives/edgar/data/1075531/000107553120000011/bkng1231201910k.htm,0.0,8.0,0.0,3.0,2.0,1.0,Risk Section
72,BWA,https://www.sec.gov/Archives/edgar/data/908255/000090825520000014/a2019123110k.htm,12.0,1.0,1.0,5.0,0.0,1.0,Risk Section
73,BXP,https://www.sec.gov/Archives/edgar/data/1037540/000165642319000006/bxpandbplp201810-k.htm,1.0,1.0,1.0,6.0,19.0,2.0,Risk Section
74,BSX,https://www.sec.gov/Archives/edgar/data/885725/000088572520000012/a2019form10-k.htm,0.0,16.0,0.0,6.0,3.0,6.0,Risk Section
75,BMY,https://www.sec.gov/Archives/edgar/data/14272/000001427220000082/bmy-20191231x10xk.htm,6.0,13.0,0.0,5.0,2.0,1.0,Risk Section
76,AVGO,https://www.sec.gov/Archives/edgar/data/1730168/000173016819000144/avgo-11032019x10k.htm,6.0,7.0,0.0,13.0,4.0,1.0,Risk Section
77,BR,https://www.sec.gov/Archives/edgar/data/1383312/000138331219000042/br-20190630xform10xk.htm,0.0,6.0,0.0,2.0,1.0,0.0,Risk Section
78,CHRW,https://www.sec.gov/Archives/edgar/data/1043277/000104327720000016/chrw-20191231.htm,2.0,0.0,0.0,3.0,1.0,0.0,Risk Section
79,COG,https://www.sec.gov/Archives/edgar/data/858470/000085847020000012/cog-12312019x10k.htm,4.0,17.0,0.0,3.0,2.0,3.0,Risk Section
80,CDNS,https://www.sec.gov/Archives/edgar/data/813672/000081367220000007/cdns1228201910-k.htm,3.0,3.0,0.0,6.0,9.0,2.0,Risk Section
81,CZR,https://www.sec.gov/Archives/edgar/data/1590895/000156459020007599/eri-10k_20191231.htm,2.0,7.0,0.0,1.0,3.0,0.0,Risk Section
82,CPB,https://www.sec.gov/Archives/edgar/data/16732/000001673219000070/cpb-7282019x10xk.htm,5.0,5.0,0.0,1.0,1.0,0.0,Risk Section
83,COF,https://www.sec.gov/Archives/edgar/data/927628/000092762820000102/cof-12312019x10k.htm,2.0,34.0,0.0,7.0,13.0,14.0,Risk Section
84,CAH,https://www.sec.gov/Archives/edgar/data/721371/000072137119000090/a19q4_10kx063019xform10-k.htm,0.0,8.0,1.0,14.0,2.0,2.0,10K
85,KMX,https://www.sec.gov/Archives/edgar/data/1170010/000117001019000040/kmx0228201910-k.htm,0.0,0.0,0.0,0.0,0.0,0.0,Risk Section
86,CCL,https://www.sec.gov/Archives/edgar/data/815097/000081509720000003/a2019form10-kfrontpart.htm,0.0,0.0,0.0,0.0,0.0,0.0,Risk Section
87,CTLT,https://www.sec.gov/Archives/edgar/data/1596783/000159678319000183/ctlt-20190630.htm,3.0,10.0,1.0,8.0,9.0,2.0,Risk Section
88,CAT,https://www.sec.gov/Archives/edgar/data/18230/000001823020000056/cat10-k12312019.htm,2.0,3.0,0.0,6.0,3.0,5.0,Risk Section
89,CBOE,https://www.sec.gov/Archives/edgar/data/1374310/000155837020001127/cboe-20191231x10k3d7487.htm,0.0,19.0,1.0,35.0,3.0,3.0,Risk Section
90,CBRE,https://www.sec.gov/Archives/edgar/data/1138118/000156459019005666/cbg-10k_20181231.htm,1.0,9.0,0.0,7.0,3.0,3.0,Risk Section
91,CDW,https://www.sec.gov/Archives/edgar/data/1402057/000140205720000042/cdw-20191231x10k.htm,3.0,3.0,0.0,4.0,6.0,0.0,Risk Section
92,CE,https://www.sec.gov/Archives/edgar/data/1306830/000130683020000018/ce-20191231x10k.htm,0.0,0.0,0.0,0.0,0.0,0.0,Risk Section
93,CNC,https://www.sec.gov/Archives/edgar/data/1071739/000107173920000060/form10k.htm,1.0,9.0,1.0,3.0,4.0,2.0,Risk Section
94,CNP,https://www.sec.gov/Archives/edgar/data/48732/000113031020000016/cnp10k12312019.htm,9.0,18.0,0.0,5.0,5.0,5.0,Risk Section
95,CERN,https://www.sec.gov/Archives/edgar/data/804753/000080475320000007/a201910-k.htm,4.0,10.0,0.0,7.0,7.0,0.0,Risk Section
96,CF,https://www.sec.gov/Archives/edgar/data/1324404/000132440420000006/cf-12312019x10k.htm,12.0,11.0,0.0,7.0,5.0,3.0,Risk Section
97,SCHW,https://www.sec.gov/Archives/edgar/data/316709/000031670920000012/schw-12312019x10k.htm,0.0,11.0,0.0,6.0,2.0,6.0,Risk Section
98,CHTR,https://www.sec.gov/Archives/edgar/data/1091667/000109166720000024/chtr12312019-10k.htm,0.0,0.0,0.0,0.0,0.0,0.0,Risk Section
99,CVX,https://www.sec.gov/Archives/edgar/data/93410/000009341020000010/cvx12312019-10kdoc.htm,3.0,4.0,0.0,1.0,0.0,3.0,Risk Section
100,CMG,https://www.sec.gov/Archives/edgar/data/1058090/000105809020000010/cmg-20191231x10k.htm,3.0,4.0,0.0,2.0,0.0,0.0,Risk Section
101,CB,https://www.sec.gov/Archives/edgar/data/896159/000089615920000003/cb-12312019x10k.htm,0.0,25.0,2.0,8.0,10.0,7.0,Risk Section
102,CHD,https://www.sec.gov/Archives/edgar/data/313927/000156459020004956/chd-10k_20191231.htm,5.0,10.0,0.0,13.0,6.0,4.0,Risk Section
103,CI,https://www.sec.gov/Archives/edgar/data/1739940/000173994020000006/ci-20191231.htm,1.0,19.0,0.0,4.0,7.0,8.0,Risk Section
104,CINF,https://www.sec.gov/Archives/edgar/data/20286/000002028620000011/cinf-20191231x10k.htm,0.0,9.0,3.0,3.0,2.0,3.0,Risk Section
105,CTAS,https://www.sec.gov/Archives/edgar/data/723254/000072325419000021/ctas531201910k.htm,2.0,1.0,1.0,4.0,2.0,0.0,Risk Section
106,CSCO,https://www.sec.gov/Archives/edgar/data/858877/000085887719000012/csco-2019727x10k.htm,13.0,5.0,0.0,9.0,2.0,0.0,Risk Section
107,C,https://www.sec.gov/Archives/edgar/data/831001/000083100120000031/c-12312019x10k.htm,0.0,68.0,3.0,103.0,54.0,34.0,10K
108,CFG,https://www.sec.gov/Archives/edgar/data/759944/000075994420000030/citizens10-kx2019.htm,3.0,28.0,0.0,6.0,2.0,10.0,Risk Section
109,CTXS,https://www.sec.gov/Archives/edgar/data/877890/000087789020000051/ctxs-20191231.htm,0.0,0.0,0.0,0.0,0.0,0.0,Risk Section
110,CLX,https://www.sec.gov/Archives/edgar/data/21076/000002107619000012/fy19clx10k.htm,4.0,2.0,1.0,7.0,2.0,0.0,10K
111,CME,https://www.sec.gov/Archives/edgar/data/1156375/000115637520000013/cme-2019123110k.htm,3.0,15.0,0.0,22.0,4.0,4.0,Risk Section
112,CMS,https://www.sec.gov/Archives/edgar/data/201533/000081115620000004/a2019form10-kxcmsenerg.htm,0.0,0.0,0.0,0.0,0.0,0.0,Risk Section
113,KO,https://www.sec.gov/Archives/edgar/data/21344/000002134420000006/a2019123110-k.htm,6.0,1.0,0.0,3.0,2.0,1.0,Risk Section
114,CTSH,https://www.sec.gov/Archives/edgar/data/1058290/000105829020000008/ctsh20191231-10k.htm,2.0,4.0,0.0,3.0,0.0,1.0,Risk Section
115,CL,https://www.sec.gov/Archives/edgar/data/21665/000002166520000004/cl-12312019x10k.htm,5.0,3.0,0.0,9.0,1.0,0.0,Risk Section
116,CMCSA,https://www.sec.gov/Archives/edgar/data/902739/000116669120000008/cmcsa-12312019x10k.htm,0.0,0.0,0.0,0.0,0.0,0.0,Risk Section
117,CMA,https://www.sec.gov/Archives/edgar/data/28412/000002841220000034/a201910k.htm,2.0,11.0,1.0,6.0,4.0,7.0,Risk Section
118,CAG,https://www.sec.gov/Archives/edgar/data/23217/000002321719000006/cag-2019x10k.htm,5.0,2.0,1.0,1.0,0.0,0.0,Risk Section
119,COP,https://www.sec.gov/Archives/edgar/data/1163165/000119312520039954/d875559d10k.htm,1.0,5.0,0.0,1.0,0.0,0.0,Risk Section
120,ED,https://www.sec.gov/Archives/edgar/data/23632/000104786220000041/ed-20191231x10k.htm,3.0,10.0,0.0,0.0,3.0,4.0,Risk Section
121,STZ,https://www.sec.gov/Archives/edgar/data/16918/000001691819000024/stz228201910k.htm,0.0,0.0,0.0,0.0,0.0,0.0,Risk Section
122,COO,https://www.sec.gov/Archives/edgar/data/711404/000071140419000051/coo20191031-10k.htm,2.0,11.0,1.0,4.0,6.0,1.0,Risk Section
123,CPRT,https://www.sec.gov/Archives/edgar/data/900075/000090007519000022/cprt07312019-10k.htm,4.0,8.0,1.0,5.0,1.0,0.0,Risk Section
124,GLW,https://www.sec.gov/Archives/edgar/data/24741/000002474120000014/glw-20191231x10k.htm,3.0,4.0,0.0,7.0,1.0,0.0,Risk Section
125,CTVA,https://www.sec.gov/Archives/edgar/data/30554/000175567220000006/ctva-12x31x201910xk.htm,4.0,8.0,0.0,7.0,3.0,1.0,Risk Section
126,COST,https://www.sec.gov/Archives/edgar/data/909832/000090983219000019/cost10k9119.htm,2.0,6.0,0.0,2.0,0.0,1.0,Risk Section
127,CCI,https://www.sec.gov/Archives/edgar/data/1051470/000105147019000046/cci10-k123118.htm,1.0,0.0,0.0,2.0,2.0,1.0,Risk Section
128,CSX,https://www.sec.gov/Archives/edgar/data/277948/000027794820000008/csx-12312019x10k.htm,0.0,5.0,0.0,0.0,1.0,6.0,Risk Section
129,CMI,https://www.sec.gov/Archives/edgar/data/26172/000002617220000009/cmi201910-kdocument.htm,7.0,6.0,0.0,6.0,0.0,0.0,Risk Section
130,CVS,https://www.sec.gov/Archives/edgar/data/64803/000006480320000007/a2019form10-k.htm,9.0,36.0,3.0,4.0,8.0,0.0,Risk Section
131,DHI,https://www.sec.gov/Archives/edgar/data/882184/000088218419000147/a2019930-10k.htm,4.0,2.0,0.0,2.0,3.0,3.0,Risk Section
132,DHR,https://www.sec.gov/Archives/edgar/data/313616/000031361620000041/dhr-20191231x10xk.htm,0.0,0.0,0.0,0.0,0.0,0.0,Risk Section
133,DRI,https://www.sec.gov/Archives/edgar/data/940944/000094094419000025/dri-201910xk.htm,0.0,0.0,0.0,0.0,0.0,0.0,Risk Section
134,DVA,https://www.sec.gov/Archives/edgar/data/927066/000092706620000014/dva-12311910k.htm,3.0,30.0,2.0,5.0,2.0,0.0,Risk Section
135,DE,https://www.sec.gov/Archives/edgar/data/315189/000155837019011614/de-20191103x10k.htm,5.0,8.0,0.0,5.0,5.0,2.0,Risk Section
136,DAL,https://www.sec.gov/Archives/edgar/data/27904/000002790420000004/dal-20191231.htm,1.0,4.0,0.0,1.0,0.0,0.0,Risk Section
137,XRAY,https://www.sec.gov/Archives/edgar/data/818479/000081847919000010/xray-20181231.htm,6.0,14.0,0.0,6.0,2.0,1.0,Risk Section
138,DVN,https://www.sec.gov/Archives/edgar/data/1090012/000156459020005182/dvn-10k_20191231.htm,2.0,8.0,0.0,3.0,2.0,6.0,Risk Section
139,DXCM,https://www.sec.gov/Archives/edgar/data/1093557/000109355720000029/dxcm-12312019x10kasof1.htm,0.0,0.0,0.0,0.0,0.0,0.0,Risk Section
140,FANG,https://www.sec.gov/Archives/edgar/data/1539838/000153983820000021/diamondback201910-k.htm,0.0,0.0,0.0,0.0,0.0,0.0,Risk Section
141,DLR,https://www.sec.gov/Archives/edgar/data/1297996/000129799619000032/dlrq412311810kss.htm,4.0,10.0,0.0,9.0,11.0,5.0,Risk Section
142,DFS,https://www.sec.gov/Archives/edgar/data/1393612/000139361220000009/dfs1231201910k.htm,2.0,25.0,0.0,2.0,9.0,8.0,Risk Section
143,DISCA,https://www.sec.gov/Archives/edgar/data/1437107/000143710720000006/disca-2019123110kq4.htm,0.0,6.0,0.0,5.0,4.0,1.0,Risk Section
144,DISCK,https://www.sec.gov/Archives/edgar/data/1437107/000143710720000006/disca-2019123110kq4.htm,0.0,6.0,0.0,5.0,4.0,1.0,Risk Section
145,DISH,https://www.sec.gov/Archives/edgar/data/1001082/000155837020000945/dish-20191231x10kce7e53.htm,0.0,11.0,0.0,6.0,7.0,2.0,Risk Section
146,DG,https://www.sec.gov/Archives/edgar/data/29534/000155837019002383/dg-20190201x10k.htm,7.0,3.0,0.0,2.0,0.0,1.0,Risk Section
147,DLTR,https://www.sec.gov/Archives/edgar/data/935703/000093570319000024/dltr-2019x02x02x10k.htm,2.0,3.0,2.0,4.0,1.0,0.0,Risk Section
148,D,https://www.sec.gov/Archives/edgar/data/103682/000119312520054469/d854390d10k.htm,3.0,11.0,0.0,1.0,2.0,6.0,Risk Section
149,DPZ,https://www.sec.gov/Archives/edgar/data/1286681/000119312520042675/d796357d10k.htm,4.0,2.0,0.0,1.0,3.0,0.0,Risk Section
150,DOV,https://www.sec.gov/Archives/edgar/data/29905/000002990520000011/dov-20191231.htm,3.0,5.0,0.0,4.0,0.0,1.0,Risk Section
151,DOW,https://www.sec.gov/Archives/edgar/data/29915/000175178820000007/dowinc201910k.htm,4.0,5.0,0.0,3.0,0.0,1.0,Risk Section
152,DTE,https://www.sec.gov/Archives/edgar/data/28385/000093634020000127/dteenergy2019123110k.htm,2.0,13.0,0.0,6.0,3.0,2.0,Risk Section
153,DUK,https://www.sec.gov/Archives/edgar/data/17797/000132616020000034/duk-20191231x10k.htm,3.0,3.0,0.0,0.0,1.0,0.0,Risk Section
154,DRE,https://www.sec.gov/Archives/edgar/data/783280/000078328020000010/a10k2019.htm,0.0,0.0,1.0,3.0,5.0,1.0,Risk Section
155,DD,https://www.sec.gov/Archives/edgar/data/1666700/000166670020000006/dupont201910-k.htm,3.0,10.0,0.0,6.0,5.0,2.0,Risk Section
156,DXC,https://www.sec.gov/Archives/edgar/data/1688568/000168856819000055/dxcfy1910-k.htm,2.0,5.0,0.0,5.0,4.0,4.0,Risk Section
157,EMN,https://www.sec.gov/Archives/edgar/data/915389/000091538920000016/emn2019123110k.htm,0.0,0.0,0.0,0.0,0.0,0.0,Risk Section
158,ETN,https://www.sec.gov/Archives/edgar/data/1551182/000155118220000050/etn12312019form10-k.htm,1.0,0.0,0.0,2.0,0.0,0.0,Risk Section
159,EBAY,https://www.sec.gov/Archives/edgar/data/1065088/000106508820000006/ebay201910-k.htm,0.0,16.0,0.0,13.0,10.0,0.0,Risk Section
160,ECL,https://www.sec.gov/Archives/edgar/data/31462/000155837020001788/ecl-20191231x10k145b24.htm,0.0,2.0,0.0,3.0,3.0,2.0,Risk Section
161,EIX,https://www.sec.gov/Archives/edgar/data/92103/000082705220000026/eix-sceq4201910k.htm,1.0,65.0,1.0,5.0,7.0,6.0,10K
162,EW,https://www.sec.gov/Archives/edgar/data/1099800/000109980020000005/ew10-kq42019.htm,2.0,11.0,0.0,2.0,1.0,0.0,Risk Section
163,EA,https://www.sec.gov/Archives/edgar/data/712515/000071251519000019/ea3312019-q410kdoc.htm,0.0,4.0,1.0,4.0,3.0,1.0,Risk Section
164,EMR,https://www.sec.gov/Archives/edgar/data/32604/000003260419000048/emr-09302019x10xk.htm,5.0,1.0,0.0,4.0,1.0,0.0,Risk Section
165,ENPH,https://www.sec.gov/Archives/edgar/data/1463101/000146310120000021/a2019q410-kdoc.htm,4.0,5.0,0.0,9.0,2.0,0.0,Risk Section
166,ETR,https://www.sec.gov/Archives/edgar/data/7323/000006598420000069/etr-12312019x10k.htm,14.0,148.0,3.0,8.0,37.0,28.0,Risk Section
167,EOG,https://www.sec.gov/Archives/edgar/data/821189/000082118920000010/a2019123110-k.htm,3.0,11.0,0.0,8.0,0.0,2.0,Risk Section
168,EFX,https://www.sec.gov/Archives/edgar/data/33185/000003318520000011/efx-20191231.htm,2.0,4.0,0.0,6.0,1.0,0.0,Risk Section
169,EQIX,https://www.sec.gov/Archives/edgar/data/1101239/000162828020001947/eqix2019123110k.htm,5.0,8.0,0.0,8.0,8.0,4.0,Risk Section
170,EQR,https://www.sec.gov/Archives/edgar/data/906107/000156459020005562/eqr-10k_20191231.htm,0.0,1.0,0.0,2.0,7.0,3.0,Risk Section
171,ESS,https://www.sec.gov/Archives/edgar/data/920522/000092052220000026/ess-123119x10k.htm,1.0,6.0,0.0,3.0,12.0,3.0,Risk Section
172,EL,https://www.sec.gov/Archives/edgar/data/1001250/000110465919047085/a19-11548_110k.htm,5.0,1.0,1.0,4.0,0.0,0.0,Risk Section
173,ETSY,https://www.sec.gov/Archives/edgar/data/1370637/000137063720000046/etsy1231201910k.htm,0.0,9.0,0.0,6.0,3.0,0.0,Risk Section
174,EVRG,https://www.sec.gov/Archives/edgar/data/54476/000171126919000013/evrg-12312018x10k.htm,0.0,0.0,0.0,0.0,0.0,0.0,Risk Section
175,ES,https://www.sec.gov/Archives/edgar/data/13372/000007274120000008/a201910kdocument.htm,6.0,70.0,1.0,6.0,30.0,1.0,Risk Section
176,RE,https://www.sec.gov/Archives/edgar/data/1095073/000109507319000011/group10k2018.htm,1.0,4.0,0.0,2.0,2.0,0.0,Risk Section
177,EXC,https://www.sec.gov/Archives/edgar/data/8192/000110935720000053/exc-20191231x10k.htm,5.0,21.0,0.0,4.0,3.0,1.0,Risk Section
178,EXPE,https://www.sec.gov/Archives/edgar/data/1324424/000132442420000009/q42019-10k.htm,9.0,13.0,0.0,10.0,5.0,0.0,Risk Section
179,EXPD,https://www.sec.gov/Archives/edgar/data/746515/000156459020005719/expd-10k_20191231.htm,0.0,0.0,0.0,0.0,0.0,0.0,Risk Section
180,EXR,https://www.sec.gov/Archives/edgar/data/1289490/000162828020002202/q4201910kexrdocument.htm,0.0,0.0,0.0,0.0,0.0,0.0,Risk Section
181,XOM,https://www.sec.gov/Archives/edgar/data/34088/000003408820000016/xom10k2019.htm,2.0,3.0,0.0,3.0,1.0,1.0,Risk Section
182,FFIV,https://www.sec.gov/Archives/edgar/data/1048695/000104869519000034/ffiv10k9-30x2019.htm,5.0,5.0,0.0,8.0,1.0,0.0,Risk Section
183,FB,https://www.sec.gov/Archives/edgar/data/1326801/000132680120000013/fb-12312019x10k.htm,2.0,12.0,0.0,8.0,0.0,0.0,Risk Section
184,FAST,https://www.sec.gov/Archives/edgar/data/815556/000081555620000011/fast1231201910-k.htm,2.0,1.0,1.0,3.0,0.0,1.0,Risk Section
185,FRT,https://www.sec.gov/Archives/edgar/data/34903/000003490320000008/frt-1231201910k.htm,1.0,2.0,0.0,1.0,4.0,1.0,Risk Section
186,FDX,https://www.sec.gov/Archives/edgar/data/1048911/000119312519222475/d782708d10ka.htm,0.0,0.0,0.0,0.0,0.0,0.0,10K
187,FIS,https://www.sec.gov/Archives/edgar/data/1136893/000113689320000032/a10-k2019.htm,4.0,9.0,0.0,10.0,5.0,1.0,Risk Section
188,FITB,https://www.sec.gov/Archives/edgar/data/35527/000119312519059441/d680668d10k.htm,0.0,28.0,0.0,9.0,8.0,21.0,Risk Section
189,FE,https://www.sec.gov/Archives/edgar/data/1031296/000103129620000008/fe-12312019x10k.htm,16.0,29.0,0.0,4.0,19.0,1.0,Risk Section
190,FISV,https://www.sec.gov/Archives/edgar/data/798354/000079835420000006/fisv1231201910-k.htm,3.0,5.0,2.0,5.0,3.0,0.0,Risk Section
191,FLT,https://www.sec.gov/Archives/edgar/data/1175454/000117545419000004/flt_10-kx12312018.htm,0.0,17.0,0.0,15.0,4.0,1.0,Risk Section
192,FLIR,https://www.sec.gov/Archives/edgar/data/354908/000035490820000010/flir-12312019x10k.htm,7.0,5.0,1.0,6.0,3.0,2.0,Risk Section
193,FMC,https://www.sec.gov/Archives/edgar/data/37785/000003778520000035/fmc-20191231.htm,6.0,8.0,1.0,4.0,2.0,1.0,Risk Section
194,F,https://www.sec.gov/Archives/edgar/data/37996/000003799620000010/f1231201910-k.htm,6.0,7.0,0.0,8.0,3.0,3.0,Risk Section
195,FTNT,https://www.sec.gov/Archives/edgar/data/1262039/000126203920000011/ftnt-201910xk.htm,7.0,11.0,0.0,14.0,2.0,2.0,Risk Section
196,FTV,https://www.sec.gov/Archives/edgar/data/1659166/000165916620000071/a20191231-10k.htm,0.0,0.0,0.0,0.0,0.0,0.0,Risk Section
197,FBHS,https://www.sec.gov/Archives/edgar/data/1519751/000156459020006812/fbhs-10k_20191231.htm,4.0,1.0,3.0,4.0,1.0,0.0,Risk Section
198,FOXA,https://www.sec.gov/Archives/edgar/data/1754301/000156459019031285/fox-10k_20190630.htm,1.0,1.0,0.0,1.0,0.0,0.0,Risk Section
199,FOX,https://www.sec.gov/Archives/edgar/data/1754301/000156459019031285/fox-10k_20190630.htm,1.0,1.0,0.0,1.0,0.0,0.0,Risk Section
200,BEN,https://www.sec.gov/Archives/edgar/data/38777/000003877719000186/form10k93019.htm,0.0,0.0,0.0,0.0,0.0,0.0,Risk Section
201,FCX,https://www.sec.gov/Archives/edgar/data/831259/000083125920000004/a2019form10-k.htm,5.0,11.0,1.0,5.0,2.0,0.0,Risk Section
202,GPS,https://www.sec.gov/Archives/edgar/data/39911/000003991119000023/fy201810-k.htm,4.0,1.0,0.0,4.0,0.0,0.0,Risk Section
203,GRMN,https://www.sec.gov/Archives/edgar/data/1121788/000156459020005133/grmn-10k_20191228.htm,0.0,0.0,0.0,0.0,0.0,0.0,Risk Section
204,IT,https://www.sec.gov/Archives/edgar/data/749251/000074925120000008/it-12312019x10k.htm,0.0,2.0,0.0,5.0,2.0,1.0,Risk Section
205,GNRC,https://www.sec.gov/Archives/edgar/data/1474735/000143774920003516/gnrc20191231_10k.htm,0.0,0.0,0.0,0.0,0.0,0.0,Risk Section
206,GD,https://www.sec.gov/Archives/edgar/data/40533/000004053320000015/gd-2019123110k.htm,2.0,2.0,0.0,1.0,1.0,1.0,Risk Section
207,GE,https://www.sec.gov/Archives/edgar/data/40545/000004054520000009/ge10-k2019.htm,6.0,7.0,0.0,16.0,13.0,12.0,10K
208,GIS,https://www.sec.gov/Archives/edgar/data/40704/000119312519184675/d725716d10k.htm,3.0,2.0,0.0,2.0,2.0,0.0,Risk Section
209,GM,https://www.sec.gov/Archives/edgar/data/1467858/000146785820000028/gm201910k.htm,8.0,13.0,0.0,6.0,3.0,2.0,Risk Section
210,GPC,https://www.sec.gov/Archives/edgar/data/40987/000004098720000010/gpc-12312019x10k.htm,5.0,1.0,0.0,2.0,0.0,0.0,Risk Section
211,GILD,https://www.sec.gov/Archives/edgar/data/882095/000088209520000006/a2019form10-k.htm,0.0,0.0,0.0,0.0,0.0,0.0,Risk Section
212,GL,https://www.sec.gov/Archives/edgar/data/320335/000032033520000008/gl-20191231.htm,0.0,6.0,1.0,0.0,4.0,3.0,Risk Section
213,GPN,https://www.sec.gov/Archives/edgar/data/1123360/000112336020000009/gpn20191231-10k.htm,2.0,8.0,0.0,16.0,21.0,5.0,Risk Section
214,GS,https://www.sec.gov/Archives/edgar/data/886982/000119312520043853/d826673d10k.htm,1.0,47.0,1.0,20.0,21.0,28.0,Risk Section
215,GWW,https://www.sec.gov/Archives/edgar/data/277135/000027713520000007/gww20191231-10k.htm,4.0,2.0,1.0,5.0,0.0,0.0,Risk Section
216,HAL,https://www.sec.gov/Archives/edgar/data/45012/000004501220000031/hal12312019-10k.htm,2.0,5.0,5.0,14.0,8.0,0.0,10K
217,HBI,https://www.sec.gov/Archives/edgar/data/1359841/000135984120000027/hbi-20191228x10k.htm,5.0,3.0,1.0,3.0,2.0,0.0,Risk Section
218,HIG,https://www.sec.gov/Archives/edgar/data/874766/000087476620000020/hig1231201910-kdocument.htm,2.0,54.0,11.0,62.0,65.0,44.0,Risk Section
219,HAS,https://www.sec.gov/Archives/edgar/data/46080/000004608020000028/has-20191229x10k.htm,10.0,6.0,0.0,5.0,0.0,0.0,Risk Section
220,HCA,https://www.sec.gov/Archives/edgar/data/860730/000119312520043524/d864235d10k.htm,0.0,4.0,0.0,2.0,7.0,0.0,Risk Section
221,PEAK,https://www.sec.gov/Archives/edgar/data/765880/000162828020001456/healthpeak10-k12312019.htm,1.0,18.0,0.0,6.0,12.0,2.0,Risk Section
222,HSIC,https://www.sec.gov/Archives/edgar/data/1000228/000100022820000018/hsic-20191228.htm,9.0,9.0,0.0,6.0,0.0,1.0,Risk Section
223,HSY,https://www.sec.gov/Archives/edgar/data/47111/000004711120000007/a2019form10-kq4.htm,5.0,1.0,1.0,5.0,2.0,1.0,Risk Section
224,HES,https://www.sec.gov/Archives/edgar/data/4447/000156459020005545/hes-10k_20191231.htm,0.0,4.0,0.0,3.0,0.0,3.0,Risk Section
225,HPE,https://www.sec.gov/Archives/edgar/data/1645590/000164559019000044/hpe-10312019x10k.htm,0.0,0.0,0.0,0.0,0.0,0.0,Risk Section
226,HLT,https://www.sec.gov/Archives/edgar/data/1585689/000158568920000013/hlt-20191231.htm,3.0,1.0,1.0,9.0,11.0,2.0,Risk Section
227,HFC,https://www.sec.gov/Archives/edgar/data/48039/000004803920000015/hfc12-31x201910k.htm,9.0,13.0,0.0,5.0,4.0,3.0,Risk Section
228,HOLX,https://www.sec.gov/Archives/edgar/data/859737/000085973719000026/holxq4-2019.htm,0.0,0.0,0.0,0.0,0.0,0.0,Risk Section
229,HD,https://www.sec.gov/Archives/edgar/data/354950/000035495019000010/hd_10kx02032019.htm,7.0,6.0,1.0,6.0,0.0,0.0,Risk Section
230,HON,https://www.sec.gov/Archives/edgar/data/773840/000077384020000009/hon1231201910k.htm,7.0,6.0,1.0,8.0,0.0,1.0,Risk Section
231,HRL,https://www.sec.gov/Archives/edgar/data/48465/000004846519000057/hormel201910k.htm,5.0,1.0,1.0,3.0,1.0,0.0,Risk Section
232,HST,https://www.sec.gov/Archives/edgar/data/1061937/000156459020006404/hst-10k_20191231.htm,1.0,5.0,0.0,7.0,9.0,2.0,Risk Section
233,HWM,https://www.sec.gov/Archives/edgar/data/4281/000000428120000038/form10k4q19.htm,6.0,10.0,1.0,9.0,5.0,5.0,Risk Section
234,HPQ,https://www.sec.gov/Archives/edgar/data/47217/000120677420000632/hpq3726921-10ka.htm,0.0,2.0,0.0,0.0,0.0,0.0,10K
235,HUM,https://www.sec.gov/Archives/edgar/data/49071/000004907120000032/hum-20191231x10k.htm,1.0,14.0,2.0,0.0,2.0,0.0,Risk Section
236,HBAN,https://www.sec.gov/Archives/edgar/data/49196/000004919620000010/hban2019-12x31x10k.htm,0.0,0.0,0.0,0.0,0.0,0.0,Risk Section
237,HII,https://www.sec.gov/Archives/edgar/data/1501585/000150158520000011/hii-20191231.htm,6.0,8.0,0.0,1.0,7.0,0.0,Risk Section
238,IEX,https://www.sec.gov/Archives/edgar/data/832101/000083210120000007/iex-20191231x10k.htm,0.0,2.0,0.0,3.0,2.0,0.0,Risk Section
239,IDXX,https://www.sec.gov/Archives/edgar/data/874716/000087471620000006/idxx201910k.htm,10.0,10.0,1.0,11.0,4.0,0.0,Risk Section
240,INFO,https://www.sec.gov/Archives/edgar/data/1598014/000159801420000008/q41910k.htm,4.0,10.0,0.0,7.0,1.0,1.0,Risk Section
241,ITW,https://www.sec.gov/Archives/edgar/data/49826/000004982620000020/itw-20191231x10k.htm,2.0,4.0,0.0,2.0,0.0,1.0,Risk Section
242,ILMN,https://www.sec.gov/Archives/edgar/data/1110803/000111080320000018/form10-k2019classic.htm,1.0,8.0,0.0,22.0,22.0,5.0,Risk Section
243,INCY,https://www.sec.gov/Archives/edgar/data/879169/000155837020000774/incy-20191231x10k6c65b7.htm,4.0,22.0,0.0,6.0,3.0,1.0,Risk Section
244,IR,https://www.sec.gov/Archives/edgar/data/1699150/000114036120004146/form10k.htm,3.0,9.0,0.0,6.0,8.0,10.0,Risk Section
245,INTC,https://www.sec.gov/Archives/edgar/data/50863/000005086320000011/a12282019q4-10kdocument.htm,13.0,6.0,0.0,14.0,19.0,3.0,10K
246,ICE,https://www.sec.gov/Archives/edgar/data/1571949/000157194920000003/ice2019123110k.htm,2.0,33.0,0.0,56.0,16.0,16.0,10K
247,IBM,https://www.sec.gov/Archives/edgar/data/51143/000155837020001334/ibm-20191231x10k2af531.htm,1.0,6.0,1.0,5.0,5.0,4.0,Risk Section
248,IP,https://www.sec.gov/Archives/edgar/data/51434/000005143420000011/a10-k123119.htm,0.0,0.0,0.0,0.0,0.0,0.0,Risk Section
249,IPG,https://www.sec.gov/Archives/edgar/data/51644/000005164420000013/ipg12311910k.htm,1.0,4.0,0.0,5.0,0.0,2.0,Risk Section
250,IFF,https://www.sec.gov/Archives/edgar/data/51253/000005125319000004/iff10k2018.htm,10.0,11.0,2.0,6.0,1.0,2.0,Risk Section
251,INTU,https://www.sec.gov/Archives/edgar/data/896878/000089687819000132/fy19q410-kdocument.htm,0.0,9.0,0.0,6.0,5.0,1.0,Risk Section
252,ISRG,https://www.sec.gov/Archives/edgar/data/1035267/000103526720000032/isrg-20191231.htm,3.0,15.0,1.0,12.0,1.0,1.0,Risk Section
253,IVZ,https://www.sec.gov/Archives/edgar/data/914208/000091420819000195/a201810-k.htm,0.0,15.0,0.0,5.0,3.0,11.0,Risk Section
254,IPGP,https://www.sec.gov/Archives/edgar/data/1111928/000111192820000030/ipgp-20191231.htm,3.0,5.0,0.0,8.0,2.0,2.0,Risk Section
255,IQV,https://www.sec.gov/Archives/edgar/data/1478242/000156459020004901/iqv-10k_20191231.htm,7.0,15.0,0.0,5.0,5.0,0.0,Risk Section
256,IRM,https://www.sec.gov/Archives/edgar/data/1020569/000102056920000029/irm201910k.htm,0.0,3.0,0.0,4.0,10.0,1.0,Risk Section
257,JKHY,https://www.sec.gov/Archives/edgar/data/779152/000077915219000048/jkhy-20190630x10k.htm,2.0,6.0,0.0,0.0,2.0,0.0,Risk Section
258,J,https://www.sec.gov/Archives/edgar/data/52988/000005298819000069/jecfy201910-k1.htm,5.0,8.0,3.0,3.0,4.0,3.0,Risk Section
259,JBHT,https://www.sec.gov/Archives/edgar/data/728535/000143774919003134/jbht20181231_10k.htm,0.0,0.0,0.0,0.0,0.0,0.0,Risk Section
260,SJM,https://www.sec.gov/Archives/edgar/data/91419/000009141919000005/sjm43019-10k.htm,3.0,2.0,0.0,2.0,0.0,1.0,Risk Section
261,JNJ,https://www.sec.gov/Archives/edgar/data/200406/000020040620000010/form10-k20191229.htm,0.0,7.0,1.0,5.0,0.0,0.0,Risk Section
262,JCI,https://www.sec.gov/Archives/edgar/data/833444/000083344419000051/jciplc201910-k.htm,5.0,6.0,0.0,3.0,4.0,2.0,Risk Section
263,JPM,https://www.sec.gov/Archives/edgar/data/19617/000001961720000257/corp10k2019.htm,0.0,24.0,1.0,8.0,6.0,13.0,Risk Section
264,JNPR,https://www.sec.gov/Archives/edgar/data/1043604/000104360420000021/jnpr-10k20191231.htm,13.0,6.0,0.0,3.0,4.0,2.0,Risk Section
265,KSU,https://www.sec.gov/Archives/edgar/data/54480/000005448020000015/kcs1231201910k.htm,1.0,5.0,1.0,2.0,0.0,0.0,Risk Section
266,K,https://www.sec.gov/Archives/edgar/data/55067/000162828020002113/k-2019q410xk.htm,4.0,7.0,0.0,13.0,4.0,0.0,Risk Section
267,KEY,https://www.sec.gov/Archives/edgar/data/91576/000009157620000007/key-123119x10k.htm,1.0,14.0,0.0,2.0,8.0,7.0,Risk Section
268,KEYS,https://www.sec.gov/Archives/edgar/data/1601046/000160104619000110/keys-10312019x10k.htm,0.0,0.0,0.0,0.0,0.0,0.0,Risk Section
269,KMB,https://www.sec.gov/Archives/edgar/data/55785/000005578520000016/kmb2019form10k.htm,7.0,5.0,1.0,7.0,0.0,2.0,Risk Section
270,KIM,https://www.sec.gov/Archives/edgar/data/879101/000143774920003500/kim20191231_10k.htm,1.0,2.0,1.0,0.0,3.0,2.0,Risk Section
271,KMI,https://www.sec.gov/Archives/edgar/data/1506307/000150630720000022/kmi-2019x10k.htm,6.0,15.0,0.0,4.0,7.0,3.0,Risk Section
272,KLAC,https://www.sec.gov/Archives/edgar/data/319201/000031920119000031/klac10k2019.htm,9.0,7.0,0.0,9.0,6.0,2.0,Risk Section
273,KHC,https://www.sec.gov/Archives/edgar/data/1637459/000163745920000027/form10-k2019.htm,9.0,9.0,1.0,11.0,2.0,2.0,Risk Section
274,KR,https://www.sec.gov/Archives/edgar/data/56873/000155837019002756/kr-20190202x10k.htm,0.0,2.0,1.0,0.0,3.0,0.0,Risk Section
275,LB,https://www.sec.gov/Archives/edgar/data/701985/000070198519000015/lb22201910k.htm,0.0,7.0,0.0,9.0,1.0,0.0,Risk Section
276,LHX,https://www.sec.gov/Archives/edgar/data/202058/000020205819000090/hrs628201910-k.htm,9.0,5.0,0.0,7.0,4.0,0.0,Risk Section
277,LH,https://www.sec.gov/Archives/edgar/data/920148/000092014820000011/lh10-k2019.htm,3.0,16.0,0.0,4.0,1.0,1.0,Risk Section
278,LRCX,https://www.sec.gov/Archives/edgar/data/707549/000070754919000124/lrcx10k2019document.htm,7.0,4.0,0.0,6.0,3.0,0.0,Risk Section
279,LW,https://www.sec.gov/Archives/edgar/data/1679273/000155837019006311/lw-20190526x10k.htm,2.0,3.0,0.0,4.0,4.0,0.0,Risk Section
280,LVS,https://www.sec.gov/Archives/edgar/data/1300514/000130051420000011/lvs-20191231x10k.htm,0.0,5.0,0.0,6.0,2.0,0.0,Risk Section
281,LEG,https://www.sec.gov/Archives/edgar/data/58492/000005849220000002/leg201910k.htm,1.0,1.0,0.0,5.0,4.0,2.0,Risk Section
282,LDOS,https://www.sec.gov/Archives/edgar/data/1336920/000133692020000023/ldos01032020form10-k.htm,2.0,10.0,0.0,4.0,2.0,0.0,Risk Section
283,LEN,https://www.sec.gov/Archives/edgar/data/920760/000162828020000559/len-20191130x10k.htm,3.0,3.0,1.0,1.0,2.0,0.0,Risk Section
284,LLY,https://www.sec.gov/Archives/edgar/data/59478/000005947820000057/lly-20191231x10xk.htm,2.0,3.0,0.0,4.0,0.0,1.0,Risk Section
285,LNC,https://www.sec.gov/Archives/edgar/data/59558/000005955820000012/lnc-20191231x10k.htm,1.0,19.0,1.0,12.0,9.0,10.0,Risk Section
286,LIN,https://www.sec.gov/Archives/edgar/data/1707925/000162828019003050/plc201810-k.htm,6.0,7.0,0.0,3.0,1.0,0.0,Risk Section
287,LYV,https://www.sec.gov/Archives/edgar/data/1335258/000133525820000028/lyv-20191231.htm,0.0,7.0,0.0,5.0,3.0,0.0,Risk Section
288,LKQ,https://www.sec.gov/Archives/edgar/data/1065696/000106569620000008/lkq-2019123110k.htm,6.0,5.0,1.0,7.0,9.0,0.0,Risk Section
289,LMT,https://www.sec.gov/Archives/edgar/data/936468/000093646820000016/lmtq4201910k.htm,13.0,2.0,0.0,8.0,5.0,0.0,Risk Section
290,L,https://www.sec.gov/Archives/edgar/data/60086/000119312520031657/d816698d10k.htm,5.0,15.0,4.0,8.0,11.0,4.0,Risk Section
291,LOW,https://www.sec.gov/Archives/edgar/data/60667/000006066719000042/form10k_02012019.htm,3.0,3.0,0.0,6.0,1.0,0.0,Risk Section
292,LUMN,https://www.sec.gov/Archives/edgar/data/18926/000001892620000009/ctl2019123110k.htm,4.0,28.0,1.0,11.0,13.0,9.0,Risk Section
293,LYB,https://www.sec.gov/Archives/edgar/data/1489393/000148939320000009/a2019q410k.htm,0.0,0.0,0.0,0.0,0.0,0.0,Risk Section
294,MTB,https://www.sec.gov/Archives/edgar/data/36270/000156459020005365/mtb-10k_20191231.htm,0.0,9.0,0.0,4.0,6.0,5.0,Risk Section
295,MRO,https://www.sec.gov/Archives/edgar/data/101778/000010177820000023/mro-20191231x10k2019.htm,0.0,0.0,0.0,0.0,0.0,0.0,Risk Section
296,MPC,https://www.sec.gov/Archives/edgar/data/1510295/000151029520000006/mpc-20191231x10k.htm,0.0,0.0,0.0,0.0,0.0,0.0,Risk Section
297,MKTX,https://www.sec.gov/Archives/edgar/data/1278021/000156459020004935/mktx-10k_20191231.htm,0.0,29.0,0.0,33.0,5.0,11.0,Risk Section
298,MAR,https://www.sec.gov/Archives/edgar/data/1048286/000162828020002376/mar-q42019x10k.htm,2.0,2.0,0.0,6.0,0.0,2.0,Risk Section
299,MMC,https://www.sec.gov/Archives/edgar/data/62709/000006270920000010/mmc1231201910k.htm,0.0,21.0,0.0,7.0,6.0,2.0,Risk Section
300,MLM,https://www.sec.gov/Archives/edgar/data/916076/000156459020005784/mlm-10k_20191231.htm,4.0,5.0,0.0,6.0,3.0,0.0,Risk Section
301,MAS,https://www.sec.gov/Archives/edgar/data/62996/000006299620000006/mas2019123110k.htm,5.0,2.0,0.0,4.0,0.0,0.0,Risk Section
302,MA,https://www.sec.gov/Archives/edgar/data/1141391/000114139120000032/ma12312019-10xk.htm,0.0,21.0,0.0,3.0,1.0,2.0,Risk Section
303,MKC,https://www.sec.gov/Archives/edgar/data/63754/000006375420000022/mkc-11302019x10kxq42019.htm,3.0,3.0,0.0,9.0,4.0,2.0,Risk Section
304,MXIM,https://www.sec.gov/Archives/edgar/data/743316/000074331619000024/maxim10-kfy2019.htm,0.0,0.0,0.0,0.0,0.0,0.0,Risk Section
305,MCD,https://www.sec.gov/Archives/edgar/data/63908/000006390820000022/mcd-12312019x10k.htm,4.0,6.0,0.0,1.0,6.0,0.0,10K
306,MCK,https://www.sec.gov/Archives/edgar/data/927653/000092765319000009/mck_10kx3312019.htm,2.0,7.0,0.0,10.0,0.0,1.0,Risk Section
307,MDT,https://www.sec.gov/Archives/edgar/data/1613103/000161310319000028/mdt-2019426x10k.htm,4.0,8.0,0.0,5.0,1.0,0.0,Risk Section
308,MRK,https://www.sec.gov/Archives/edgar/data/310158/000031015820000005/mrk1231201910k.htm,4.0,8.0,2.0,6.0,0.0,1.0,Risk Section
309,MET,https://www.sec.gov/Archives/edgar/data/1099219/000109921920000064/met-20191231x10k.htm,4.0,13.0,5.0,7.0,5.0,11.0,Risk Section
310,MTD,https://www.sec.gov/Archives/edgar/data/1037646/000103764620000005/mtd10k12312019.htm,0.0,0.0,0.0,0.0,0.0,0.0,Risk Section
311,MGM,https://www.sec.gov/Archives/edgar/data/789570/000156459020007393/mgm-10k_20191231.htm,3.0,4.0,2.0,2.0,5.0,1.0,Risk Section
312,MCHP,https://www.sec.gov/Archives/edgar/data/827054/000082705419000143/a2019-03x3110k.htm,0.0,0.0,0.0,0.0,0.0,0.0,Risk Section
313,MU,https://www.sec.gov/Archives/edgar/data/723125/000072312519000094/a2019q4.htm,15.0,6.0,0.0,8.0,8.0,1.0,Risk Section
314,MSFT,https://www.sec.gov/Archives/edgar/data/789019/000156459019027952/msft-10k_20190630.htm,4.0,9.0,1.0,6.0,1.0,1.0,Risk Section
315,MAA,https://www.sec.gov/Archives/edgar/data/912595/000156459020005582/maa-10k_20191231.htm,1.0,4.0,0.0,5.0,15.0,0.0,Risk Section
316,MHK,https://www.sec.gov/Archives/edgar/data/851968/000085196820000020/a2019q410-kdocument.htm,3.0,5.0,3.0,7.0,0.0,0.0,Risk Section
317,TAP,https://www.sec.gov/Archives/edgar/data/24545/000002454520000005/tap2019123110-k.htm,5.0,11.0,0.0,8.0,4.0,2.0,Risk Section
318,MDLZ,https://www.sec.gov/Archives/edgar/data/1103982/000110398220000003/mdlz10k123119document1.htm,18.0,10.0,2.0,11.0,2.0,1.0,Risk Section
319,MPWR,https://www.sec.gov/Archives/edgar/data/1280452/000143774920003943/mpwr20191231_10k.htm,7.0,4.0,0.0,9.0,3.0,3.0,Risk Section
320,MNST,https://www.sec.gov/Archives/edgar/data/865752/000110465920027209/mnst-20191231x10kb9432b.htm,4.0,3.0,0.0,4.0,2.0,3.0,Risk Section
321,MCO,https://www.sec.gov/Archives/edgar/data/1059556/000105955620000005/mco-20191231.htm,1.0,20.0,0.0,1.0,5.0,0.0,Risk Section
322,MS,https://www.sec.gov/Archives/edgar/data/895421/000089542120000265/msq4201910k.htm,5.0,70.0,0.0,90.0,22.0,76.0,10K
323,MOS,https://www.sec.gov/Archives/edgar/data/1285785/000161803420000003/mos-20191231x10k.htm,5.0,9.0,1.0,8.0,3.0,3.0,Risk Section
324,MSI,https://www.sec.gov/Archives/edgar/data/68505/000006850520000006/msi201910-k.htm,0.0,0.0,0.0,0.0,0.0,0.0,Risk Section
325,MSCI,https://www.sec.gov/Archives/edgar/data/1408198/000156459020004992/msci-10k_20191231.htm,5.0,9.0,0.0,6.0,5.0,3.0,Risk Section
326,NDAQ,https://www.sec.gov/Archives/edgar/data/1120193/000112019320000004/ndaq1231201910-k.htm,0.0,22.0,1.0,28.0,8.0,6.0,Risk Section
327,NTAP,https://www.sec.gov/Archives/edgar/data/1002047/000156459019022779/ntap-10k_20190426.htm,6.0,4.0,0.0,4.0,2.0,1.0,Risk Section
328,NFLX,https://www.sec.gov/Archives/edgar/data/1065280/000106528020000040/form10kq419.htm,0.0,7.0,0.0,4.0,1.0,0.0,Risk Section
329,NWL,https://www.sec.gov/Archives/edgar/data/814453/000119312519061714/d660135d10k.htm,2.0,5.0,1.0,3.0,0.0,2.0,Risk Section
330,NEM,https://www.sec.gov/Archives/edgar/data/1164727/000155837020001041/nem-20191231x10k047aaa.htm,6.0,16.0,9.0,37.0,19.0,4.0,Risk Section
331,NWSA,https://www.sec.gov/Archives/edgar/data/1564708/000119312519219463/d741099d10k.htm,3.0,10.0,0.0,6.0,4.0,2.0,Risk Section
332,NWS,https://www.sec.gov/Archives/edgar/data/1564708/000119312519219463/d741099d10k.htm,3.0,10.0,0.0,6.0,4.0,2.0,Risk Section
333,NEE,https://www.sec.gov/Archives/edgar/data/37634/000075330820000021/nee-12312019x10k.htm,3.0,11.0,1.0,5.0,1.0,6.0,Risk Section
334,NLSN,https://www.sec.gov/Archives/edgar/data/1492633/000156459020007004/nlsnnv-10k_20191231.htm,4.0,8.0,0.0,6.0,5.0,3.0,Risk Section
335,NKE,https://www.sec.gov/Archives/edgar/data/320187/000032018719000051/nke-531201910k.htm,8.0,8.0,1.0,8.0,3.0,3.0,Risk Section
336,NI,https://www.sec.gov/Archives/edgar/data/1111711/000111171120000013/ni-20191231x10k.htm,0.0,0.0,0.0,0.0,0.0,0.0,Risk Section
337,NSC,https://www.sec.gov/Archives/edgar/data/702165/000070216520000011/nsc-20191231.htm,1.0,3.0,0.0,0.0,0.0,1.0,Risk Section
338,NTRS,https://www.sec.gov/Archives/edgar/data/73124/000007312420000101/a201910-k.htm,2.0,23.0,0.0,11.0,5.0,9.0,Risk Section
339,NOC,https://www.sec.gov/Archives/edgar/data/1133421/000113342120000006/noc-12312019x10k.htm,14.0,5.0,0.0,5.0,2.0,1.0,Risk Section
340,NLOK,https://www.sec.gov/Archives/edgar/data/849399/000110465919041857/a19-13070_110ka.htm,0.0,0.0,0.0,4.0,0.0,0.0,10K
341,NCLH,https://www.sec.gov/Archives/edgar/data/1513761/000155837020001661/nclh-20191231x10kc19a9c.htm,0.0,0.0,0.0,0.0,0.0,0.0,Risk Section
342,NOV,https://www.sec.gov/Archives/edgar/data/1021860/000156459020004552/nov-10k_20191231.htm,1.0,4.0,0.0,3.0,0.0,0.0,Risk Section
343,NRG,https://www.sec.gov/Archives/edgar/data/1013871/000101387120000013/nrg-20191231.htm,0.0,0.0,0.0,0.0,0.0,0.0,Risk Section
344,NUE,https://www.sec.gov/Archives/edgar/data/73309/000156459020007794/nue-10k_20191231.htm,0.0,2.0,0.0,5.0,1.0,0.0,Risk Section
345,NVDA,https://www.sec.gov/Archives/edgar/data/1045810/000104581020000010/nvda-2020x10k.htm,0.0,0.0,0.0,0.0,0.0,0.0,Risk Section
346,NVR,https://www.sec.gov/Archives/edgar/data/906163/000090616320000026/a201910-k.htm,3.0,3.0,1.0,2.0,6.0,1.0,Risk Section
347,NXPI,https://www.sec.gov/Archives/edgar/data/1413447/000141344720000009/nxp10-k.htm,15.0,7.0,0.0,9.0,7.0,1.0,Risk Section
348,ORLY,https://www.sec.gov/Archives/edgar/data/898173/000089817320000007/orly-20191231x10k.htm,0.0,0.0,0.0,0.0,0.0,0.0,Risk Section
349,OXY,https://www.sec.gov/Archives/edgar/data/797468/000079746820000004/oxy10k12-31x2019.htm,1.0,7.0,0.0,2.0,1.0,0.0,Risk Section
350,ODFL,https://www.sec.gov/Archives/edgar/data/878927/000156459020006626/odfl-10k_20191231.htm,2.0,7.0,0.0,2.0,0.0,2.0,Risk Section
351,OMC,https://www.sec.gov/Archives/edgar/data/29989/000002998920000005/omc-20191231.htm,0.0,2.0,0.0,3.0,1.0,0.0,Risk Section
352,OKE,https://www.sec.gov/Archives/edgar/data/1039684/000103968420000012/oke10-k2019.htm,4.0,12.0,0.0,1.0,5.0,2.0,Risk Section
353,ORCL,https://www.sec.gov/Archives/edgar/data/1341439/000156459019023119/orcl-10k_20190531.htm,6.0,6.0,0.0,3.0,4.0,0.0,Risk Section
354,PCAR,https://www.sec.gov/Archives/edgar/data/75362/000156459020005276/pcar-10k_20191231.htm,2.0,2.0,0.0,5.0,2.0,1.0,Risk Section
355,PKG,https://www.sec.gov/Archives/edgar/data/75677/000156459020006774/pkg-10k_20191231.htm,1.0,1.0,1.0,2.0,0.0,3.0,Risk Section
356,PH,https://www.sec.gov/Archives/edgar/data/76334/000007633419000096/ph630201910-k.htm,4.0,5.0,0.0,5.0,0.0,1.0,Risk Section
357,PAYX,https://www.sec.gov/Archives/edgar/data/723531/000072353119000032/payx-20190531x10k.htm,0.0,5.0,0.0,1.0,1.0,2.0,Risk Section
358,PAYC,https://www.sec.gov/Archives/edgar/data/1590955/000156459020004636/payc-10k_20191231.htm,0.0,8.0,0.0,1.0,1.0,3.0,Risk Section
359,PYPL,https://www.sec.gov/Archives/edgar/data/1633917/000163391720000028/pypl201910-k.htm,0.0,0.0,0.0,0.0,0.0,0.0,Risk Section
360,PENN,https://www.sec.gov/Archives/edgar/data/921738/000092173820000009/penn1231201910k.htm,1.0,10.0,0.0,2.0,6.0,0.0,Risk Section
361,PNR,https://www.sec.gov/Archives/edgar/data/77360/000007736020000006/a2019pnr-10k.htm,4.0,6.0,0.0,4.0,1.0,0.0,Risk Section
362,PBCT,https://www.sec.gov/Archives/edgar/data/1378946/000119312519060912/d688796d10k.htm,0.0,3.0,0.0,1.0,2.0,0.0,Risk Section
363,PEP,https://www.sec.gov/Archives/edgar/data/77476/000007747620000015/pepsico201910-k.htm,8.0,9.0,0.0,5.0,2.0,1.0,Risk Section
364,PKI,https://www.sec.gov/Archives/edgar/data/31791/000003179120000003/pki1229201910k.htm,3.0,3.0,1.0,4.0,2.0,1.0,Risk Section
365,PRGO,https://www.sec.gov/Archives/edgar/data/1585364/000158536420000013/cy19q410k.htm,12.0,27.0,2.0,10.0,1.0,4.0,Risk Section
366,PFE,https://www.sec.gov/Archives/edgar/data/78003/000007800320000014/pfe-12312019x10kshell.htm,0.0,0.0,0.0,0.0,0.0,0.0,Risk Section
367,PM,https://www.sec.gov/Archives/edgar/data/1413329/000141332920000007/pm123119form10kwrapinc.htm,0.0,5.0,0.0,5.0,0.0,0.0,Risk Section
368,PSX,https://www.sec.gov/Archives/edgar/data/1534701/000153470120000070/psx-2019123110k.htm,1.0,2.0,1.0,2.0,1.0,0.0,Risk Section
369,PNW,https://www.sec.gov/Archives/edgar/data/7286/000076462220000017/pnw2019123110-kfinal.htm,4.0,17.0,0.0,4.0,3.0,3.0,Risk Section
370,PXD,https://www.sec.gov/Archives/edgar/data/1038357/000103835720000009/pxd-20191231.htm,2.0,28.0,1.0,6.0,5.0,3.0,Risk Section
371,PNC,https://www.sec.gov/Archives/edgar/data/713676/000071367619000015/pnc201810k.htm,4.0,43.0,0.0,15.0,9.0,15.0,Risk Section
372,POOL,https://www.sec.gov/Archives/edgar/data/945841/000094584120000041/pool-20191231.htm,3.0,3.0,2.0,2.0,0.0,0.0,Risk Section
373,PPG,https://www.sec.gov/Archives/edgar/data/79879/000007987920000008/ppg201910k.htm,4.0,2.0,1.0,7.0,0.0,3.0,Risk Section
374,PPL,https://www.sec.gov/Archives/edgar/data/55387/000092222420000005/ppl-1231201910k.htm,9.0,15.0,6.0,2.0,7.0,2.0,Risk Section
375,PFG,https://www.sec.gov/Archives/edgar/data/1126328/000110465920021174/pfg-20191231x10k0da4e5.htm,0.0,13.0,1.0,10.0,7.0,13.0,Risk Section
376,PG,https://www.sec.gov/Archives/edgar/data/80424/000008042419000050/fy181910-kreport.htm,5.0,3.0,0.0,4.0,1.0,1.0,Risk Section
377,PGR,https://www.sec.gov/Archives/edgar/data/80661/000008066119000008/pgr-20181231x10k.htm,0.0,11.0,2.0,3.0,3.0,5.0,Risk Section
378,PLD,https://www.sec.gov/Archives/edgar/data/1045609/000156459020004096/pld-10k_20191231.htm,2.0,6.0,0.0,4.0,4.0,4.0,Risk Section
379,PRU,https://www.sec.gov/Archives/edgar/data/1137774/000113777420000065/form10-kx4q2019.htm,1.0,12.0,1.0,13.0,6.0,15.0,Risk Section
380,PEG,https://www.sec.gov/Archives/edgar/data/81033/000078878420000004/pseg201910k.htm,17.0,19.0,0.0,6.0,6.0,3.0,Risk Section
381,PSA,https://www.sec.gov/Archives/edgar/data/1393311/000139331120000008/psa-20191231x10k.htm,0.0,7.0,0.0,4.0,3.0,2.0,Risk Section
382,PHM,https://www.sec.gov/Archives/edgar/data/822416/000082241620000007/a201910-k.htm,2.0,1.0,1.0,1.0,1.0,0.0,Risk Section
383,PVH,https://www.sec.gov/Archives/edgar/data/78239/000007823919000011/pvh10k2018.htm,3.0,3.0,0.0,4.0,1.0,0.0,Risk Section
384,QRVO,https://www.sec.gov/Archives/edgar/data/1604778/000160477819000031/qorvo2019033010-k.htm,7.0,6.0,1.0,4.0,1.0,0.0,Risk Section
385,PWR,https://www.sec.gov/Archives/edgar/data/1050915/000105091520000020/pwr-123119x10k.htm,5.0,13.0,0.0,5.0,5.0,3.0,Risk Section
386,QCOM,https://www.sec.gov/Archives/edgar/data/804328/000172894919000072/qcom10-k2019.htm,10.0,4.0,0.0,4.0,1.0,1.0,Risk Section
387,DGX,https://www.sec.gov/Archives/edgar/data/1022079/000102207920000017/dgx1231201910-k.htm,0.0,0.0,0.0,0.0,0.0,0.0,Risk Section
388,RL,https://www.sec.gov/Archives/edgar/data/1037038/000103703819000005/rl-20190330x10k.htm,8.0,7.0,0.0,14.0,1.0,2.0,Risk Section
389,RJF,https://www.sec.gov/Archives/edgar/data/720005/000072000519000086/rjf-20190930x10k.htm,0.0,28.0,1.0,14.0,3.0,13.0,Risk Section
390,RTX,https://www.sec.gov/Archives/edgar/data/101829/000010182920000013/utx-20191231_d2.htm,10.0,11.0,0.0,8.0,6.0,3.0,Risk Section
391,O,https://www.sec.gov/Archives/edgar/data/726728/000072672820000033/realtyincome10k2019.htm,1.0,3.0,1.0,4.0,14.0,4.0,Risk Section
392,REG,https://www.sec.gov/Archives/edgar/data/910606/000156459020004859/reg-10k_20191231.htm,0.0,2.0,0.0,0.0,5.0,0.0,Risk Section
393,REGN,https://www.sec.gov/Archives/edgar/data/872589/000153217620000008/regn-123119x10k.htm,10.0,51.0,1.0,9.0,2.0,2.0,Risk Section
394,RF,https://www.sec.gov/Archives/edgar/data/1281761/000128176120000010/rf-20191231x10k.htm,3.0,21.0,1.0,7.0,9.0,13.0,Risk Section
395,RSG,https://www.sec.gov/Archives/edgar/data/1060391/000106039120000016/rsg-20191231.htm,0.0,6.0,2.0,0.0,2.0,0.0,Risk Section
396,RMD,https://www.sec.gov/Archives/edgar/data/943819/000094381919000017/rmd-20190630x10k.htm,1.0,5.0,0.0,3.0,1.0,0.0,Risk Section
397,RHI,https://www.sec.gov/Archives/edgar/data/315213/000031521320000029/rhi-20191231.htm,0.0,5.0,0.0,4.0,0.0,0.0,Risk Section
398,ROK,https://www.sec.gov/Archives/edgar/data/1024478/000102447819000044/fy2019form10k.htm,8.0,2.0,2.0,5.0,1.0,1.0,Risk Section
399,ROL,https://www.sec.gov/Archives/edgar/data/84839/000117120020000103/i20108_rol-10k.htm,2.0,0.0,0.0,8.0,4.0,2.0,10K
400,ROP,https://www.sec.gov/Archives/edgar/data/882835/000088283520000006/a201910-kdoc.htm,2.0,4.0,0.0,5.0,1.0,0.0,Risk Section
401,ROST,https://www.sec.gov/Archives/edgar/data/745732/000074573219000009/rost-20190202x10k.htm,4.0,3.0,1.0,4.0,0.0,0.0,Risk Section
402,RCL,https://www.sec.gov/Archives/edgar/data/884887/000088488720000009/rcl-20191231.htm,6.0,4.0,0.0,4.0,3.0,2.0,Risk Section
403,SPGI,https://www.sec.gov/Archives/edgar/data/64040/000006404020000055/spgi-20191231x10k.htm,1.0,14.0,1.0,7.0,1.0,0.0,Risk Section
404,CRM,https://www.sec.gov/Archives/edgar/data/1108524/000110852419000009/crmq4fy1910-k.htm,1.0,8.0,0.0,4.0,3.0,1.0,Risk Section
405,SBAC,https://www.sec.gov/Archives/edgar/data/1034054/000103405420000003/sbac-20191231x10k.htm,0.0,8.0,3.0,17.0,25.0,4.0,Risk Section
406,SLB,https://www.sec.gov/Archives/edgar/data/87347/000156459020001578/slb-10k_20191231.htm,0.0,0.0,1.0,1.0,0.0,0.0,Risk Section
407,STX,https://www.sec.gov/Archives/edgar/data/1137789/000119312519212028/d733907d10k.htm,0.0,1.0,0.0,16.0,4.0,1.0,10K
408,SEE,https://www.sec.gov/Archives/edgar/data/1012100/000162828019001538/q4201810-kdocument.htm,4.0,9.0,2.0,11.0,3.0,2.0,Risk Section
409,SRE,https://www.sec.gov/Archives/edgar/data/86521/000103220820000006/sre20191231form10k.htm,10.0,16.0,5.0,13.0,6.0,9.0,Risk Section
410,NOW,https://www.sec.gov/Archives/edgar/data/1373715/000137371520000072/now-20191231x10kxinpro.htm,0.0,10.0,0.0,8.0,8.0,1.0,Risk Section
411,SHW,https://www.sec.gov/Archives/edgar/data/89800/000008980020000005/shw-12312019x10k.htm,3.0,4.0,3.0,8.0,0.0,10.0,Risk Section
412,SPG,https://www.sec.gov/Archives/edgar/data/1022344/000155837020001135/spg-20191231x10k.htm,2.0,1.0,0.0,2.0,12.0,2.0,Risk Section
413,SWKS,https://www.sec.gov/Archives/edgar/data/4127/000000412720000009/fy1910-kajanuary242020.htm,0.0,0.0,0.0,0.0,0.0,0.0,10K
414,SNA,https://www.sec.gov/Archives/edgar/data/91440/000009144020000004/sna-20191228.htm,4.0,2.0,1.0,4.0,3.0,0.0,Risk Section
415,SO,https://www.sec.gov/Archives/edgar/data/3153/000009212220000017/so10-k12312019.htm,0.0,0.0,0.0,0.0,0.0,0.0,Risk Section
416,LUV,https://www.sec.gov/Archives/edgar/data/92380/000009238020000024/luv-12312019x10k.htm,1.0,5.0,0.0,1.0,0.0,1.0,Risk Section
417,SWK,https://www.sec.gov/Archives/edgar/data/93556/000009355620000006/swk10k2019.htm,2.0,8.0,0.0,8.0,0.0,1.0,Risk Section
418,SBUX,https://www.sec.gov/Archives/edgar/data/829224/000082922419000051/sbux-9292019x10xk.htm,6.0,6.0,2.0,7.0,0.0,0.0,Risk Section
419,STT,https://www.sec.gov/Archives/edgar/data/93751/000009375120000684/stt-2019123110xk.htm,0.0,63.0,0.0,21.0,17.0,23.0,Risk Section
420,STE,https://www.sec.gov/Archives/edgar/data/1757898/000175789819000005/ste3312019.htm,4.0,9.0,0.0,6.0,0.0,2.0,Risk Section
421,SYK,https://www.sec.gov/Archives/edgar/data/310764/000031076420000014/syk10k12312019.htm,0.0,5.0,0.0,1.0,0.0,1.0,Risk Section
422,SIVB,https://www.sec.gov/Archives/edgar/data/719739/000071973920000016/sivb-12312019x10k.htm,1.0,16.0,1.0,9.0,5.0,5.0,Risk Section
423,SYF,https://www.sec.gov/Archives/edgar/data/1601712/000160171220000038/synchrony1231201910k.htm,0.0,42.0,0.0,7.0,7.0,34.0,10K
424,SNPS,https://www.sec.gov/Archives/edgar/data/883241/000088324119000019/snps10311910-k.htm,2.0,1.0,0.0,4.0,2.0,0.0,Risk Section
425,SYY,https://www.sec.gov/Archives/edgar/data/96021/000009602119000093/syy2019q410-k.htm,6.0,5.0,1.0,3.0,0.0,1.0,Risk Section
426,TMUS,https://www.sec.gov/Archives/edgar/data/1283699/000128369920000026/tmus-20191231.htm,13.0,12.0,0.0,4.0,11.0,5.0,Risk Section
427,TROW,https://www.sec.gov/Archives/edgar/data/1113169/000111316920000008/a201910k.htm,0.0,14.0,0.0,6.0,0.0,2.0,Risk Section
428,TTWO,https://www.sec.gov/Archives/edgar/data/946581/000162828019006691/ttwo10k03312019.htm,0.0,0.0,0.0,0.0,0.0,0.0,Risk Section
429,TPR,https://www.sec.gov/Archives/edgar/data/1116132/000111613219000016/tpr6302018-10k1.htm,6.0,2.0,0.0,7.0,0.0,0.0,Risk Section
430,TGT,https://www.sec.gov/Archives/edgar/data/27419/000002741919000006/tgt-20190202x10k.htm,3.0,3.0,0.0,2.0,1.0,1.0,Risk Section
431,TEL,https://www.sec.gov/Archives/edgar/data/1385157/000155837019010758/tel-20190927x10kd12dc3.htm,7.0,2.0,0.0,19.0,20.0,1.0,Risk Section
432,TDY,https://www.sec.gov/Archives/edgar/data/1094285/000109428520000045/tdy-20191229.htm,0.0,0.0,0.0,0.0,0.0,0.0,Risk Section
433,TFX,https://www.sec.gov/Archives/edgar/data/96943/000009694320000017/tfx-20191231.htm,2.0,6.0,0.0,4.0,1.0,3.0,Risk Section
434,TER,https://www.sec.gov/Archives/edgar/data/97210/000119312519059974/d652525d10k.htm,8.0,1.0,0.0,3.0,1.0,0.0,Risk Section
435,TSLA,https://www.sec.gov/Archives/edgar/data/1318605/000156459020004475/tsla-10k_20191231.htm,0.0,0.0,0.0,0.0,0.0,0.0,Risk Section
436,TXN,https://www.sec.gov/Archives/edgar/data/97476/000009747620000009/txn-20191231.htm,3.0,0.0,0.0,4.0,2.0,1.0,Risk Section
437,TXT,https://www.sec.gov/Archives/edgar/data/217346/000110465920024773/txt-20200104x10k00cfc1.htm,8.0,4.0,0.0,5.0,4.0,0.0,Risk Section
438,TMO,https://www.sec.gov/Archives/edgar/data/97745/000009774520000009/tmo-20191231.htm,3.0,2.0,0.0,11.0,6.0,1.0,10K
439,TJX,https://www.sec.gov/Archives/edgar/data/109198/000162828019003834/tjx-10kx20190202.htm,8.0,8.0,1.0,6.0,1.0,2.0,Risk Section
440,TSCO,https://www.sec.gov/Archives/edgar/data/916365/000091636520000050/tsco-20191228.htm,6.0,0.0,1.0,3.0,0.0,0.0,Risk Section
441,TT,https://www.sec.gov/Archives/edgar/data/1466258/000146625820000064/ir-10kx12312019.htm,2.0,5.0,0.0,6.0,2.0,0.0,Risk Section
442,TDG,https://www.sec.gov/Archives/edgar/data/1260221/000126022119000043/tdg2019-09x3010xk.htm,2.0,3.0,0.0,2.0,4.0,0.0,Risk Section
443,TRV,https://www.sec.gov/Archives/edgar/data/86312/000008631220000011/trv-12312019x10k.htm,1.0,42.0,8.0,8.0,14.0,9.0,Risk Section
444,TRMB,https://www.sec.gov/Archives/edgar/data/864749/000086474920000029/trmb201910k.htm,5.0,2.0,0.0,5.0,2.0,0.0,Risk Section
445,TFC,https://www.sec.gov/Archives/edgar/data/92230/000009223019000017/form10-k_4q18.htm,0.0,32.0,1.0,23.0,31.0,30.0,Risk Section
446,TWTR,https://www.sec.gov/Archives/edgar/data/1418091/000141809120000037/twtr-20191231.htm,0.0,0.0,0.0,0.0,0.0,0.0,Risk Section
447,TYL,https://www.sec.gov/Archives/edgar/data/860731/000086073120000008/tyl12312019-10k.htm,0.0,0.0,0.0,0.0,0.0,0.0,Risk Section
448,TSN,https://www.sec.gov/Archives/edgar/data/100493/000010049319000118/tsn201910kq4.htm,6.0,4.0,0.0,6.0,1.0,0.0,Risk Section
449,UDR,https://www.sec.gov/Archives/edgar/data/74208/000007420820000031/udr-20191231x10k.htm,1.0,3.0,1.0,1.0,10.0,0.0,Risk Section
450,ULTA,https://www.sec.gov/Archives/edgar/data/1403568/000155837019002739/ulta-20190202x10k.htm,5.0,2.0,0.0,1.0,0.0,0.0,Risk Section
451,USB,https://www.sec.gov/Archives/edgar/data/36104/000119312520043622/d597518d10k.htm,0.0,4.0,0.0,1.0,2.0,4.0,10K
452,UAA,https://www.sec.gov/Archives/edgar/data/1336917/000133691720000010/ua-20191231.htm,5.0,2.0,0.0,7.0,0.0,0.0,Risk Section
453,UA,https://www.sec.gov/Archives/edgar/data/1336917/000133691720000010/ua-20191231.htm,5.0,2.0,0.0,7.0,0.0,0.0,Risk Section
454,UNP,https://www.sec.gov/Archives/edgar/data/100885/000010088520000065/unp-20191231x10k.htm,5.0,6.0,0.0,3.0,0.0,9.0,Risk Section
455,UAL,https://www.sec.gov/Archives/edgar/data/100517/000010051720000010/ual201910k.htm,0.0,2.0,0.0,0.0,4.0,3.0,Risk Section
456,UNH,https://www.sec.gov/Archives/edgar/data/731766/000073176620000006/unh2019123110-k.htm,1.0,13.0,0.0,0.0,2.0,0.0,Risk Section
457,UPS,https://www.sec.gov/Archives/edgar/data/1090727/000109072720000005/ups-12312019x10k.htm,0.0,0.0,0.0,0.0,0.0,0.0,Risk Section
458,URI,https://www.sec.gov/Archives/edgar/data/1047166/000106770120000008/uri-2019123110k.htm,3.0,4.0,0.0,3.0,7.0,5.0,Risk Section
459,UHS,https://www.sec.gov/Archives/edgar/data/352915/000156459020006793/uhs-10k_20191231.htm,0.0,7.0,0.0,3.0,0.0,0.0,Risk Section
460,UNM,https://www.sec.gov/Archives/edgar/data/5513/000000551320000027/unm-20191231.htm,0.0,0.0,0.0,0.0,0.0,0.0,Risk Section
461,VLO,https://www.sec.gov/Archives/edgar/data/1035002/000103500220000007/vloform10-kx12312019.htm,2.0,4.0,0.0,0.0,0.0,5.0,Risk Section
462,VAR,https://www.sec.gov/Archives/edgar/data/203527/000020352719000025/varian10-k2019q4.htm,1.0,16.0,0.0,6.0,3.0,0.0,Risk Section
463,VTR,https://www.sec.gov/Archives/edgar/data/740260/000074026020000042/vtr123119doc10k.htm,0.0,0.0,0.0,0.0,0.0,0.0,Risk Section
464,VRSN,https://www.sec.gov/Archives/edgar/data/1014473/000101447320000006/vrsn-20191231x10k.htm,2.0,5.0,0.0,2.0,2.0,2.0,Risk Section
465,VRSK,https://www.sec.gov/Archives/edgar/data/1442145/000144214520000012/vrsk10k12312019.htm,2.0,3.0,1.0,8.0,1.0,0.0,Risk Section
466,VZ,https://www.sec.gov/Archives/edgar/data/732712/000073271220000014/a2019q410-k.htm,1.0,1.0,0.0,0.0,1.0,0.0,Risk Section
467,VRTX,https://www.sec.gov/Archives/edgar/data/875320/000087532020000007/a201910k-main.htm,4.0,14.0,1.0,9.0,2.0,2.0,Risk Section
468,VFC,https://www.sec.gov/Archives/edgar/data/103379/000010337919000006/vfc330201910-k.htm,3.0,4.0,0.0,6.0,1.0,1.0,Risk Section
469,VIAC,https://www.sec.gov/Archives/edgar/data/813828/000081382820000013/a2019k.htm,1.0,5.0,0.0,4.0,0.0,0.0,Risk Section
470,V,https://www.sec.gov/Archives/edgar/data/1403161/000140316119000050/v093019form10k.htm,1.0,13.0,0.0,2.0,4.0,3.0,Risk Section
471,VNO,https://www.sec.gov/Archives/edgar/data/899689/000089968920000007/vno-12312019x10k.htm,0.0,3.0,1.0,4.0,5.0,1.0,Risk Section
472,VMC,https://www.sec.gov/Archives/edgar/data/1396009/000139600920000006/vmc-20191231x10k.htm,0.0,0.0,0.0,1.0,0.0,0.0,Risk Section
473,WRB,https://www.sec.gov/Archives/edgar/data/11544/000001154420000016/wrb1231201910-k.htm,1.0,11.0,5.0,5.0,8.0,2.0,Risk Section
474,WAB,https://www.sec.gov/Archives/edgar/data/943452/000162828020002098/wab-20191231.htm,4.0,4.0,0.0,5.0,1.0,0.0,Risk Section
475,WMT,https://www.sec.gov/Archives/edgar/data/104169/000010416919000016/wmtform10-kx1312019.htm,4.0,2.0,1.0,5.0,0.0,3.0,Risk Section
476,WBA,https://www.sec.gov/Archives/edgar/data/1618921/000161892119000069/wba-2019831x10k.htm,0.0,0.0,0.0,0.0,0.0,0.0,Risk Section
477,DIS,https://www.sec.gov/Archives/edgar/data/1744489/000174448919000225/fy2019q410k.htm,0.0,1.0,0.0,2.0,0.0,0.0,Risk Section
478,WM,https://www.sec.gov/Archives/edgar/data/823768/000155837020000762/wm-20191231x10kba4080.htm,1.0,13.0,0.0,1.0,3.0,2.0,Risk Section
479,WAT,https://www.sec.gov/Archives/edgar/data/1000697/000119312520048303/d862312d10k.htm,5.0,5.0,0.0,5.0,3.0,0.0,Risk Section
480,WEC,https://www.sec.gov/Archives/edgar/data/783325/000010781520000089/a2019wec10k.htm,12.0,17.0,0.0,1.0,4.0,5.0,Risk Section
481,WFC,https://www.sec.gov/Archives/edgar/data/72971/000007297120000217/wfc-12312019x10k.htm,0.0,6.0,0.0,1.0,0.0,3.0,10K
482,WELL,https://www.sec.gov/Archives/edgar/data/766704/000076670420000015/a201910-k.htm,1.0,6.0,0.0,7.0,10.0,2.0,Risk Section
483,WST,https://www.sec.gov/Archives/edgar/data/105770/000010577020000015/wst-20191231.htm,10.0,5.0,2.0,23.0,13.0,8.0,Risk Section
484,WDC,https://www.sec.gov/Archives/edgar/data/106040/000010604019000058/wdc-2019q410xkdoc.htm,19.0,8.0,0.0,13.0,1.0,1.0,Risk Section
485,WU,https://www.sec.gov/Archives/edgar/data/1365135/000155837020001090/wu-20191231x10kf6082f.htm,0.0,0.0,0.0,0.0,0.0,0.0,Risk Section
486,WRK,https://www.sec.gov/Archives/edgar/data/1732845/000095012319011534/wrk-10k_20190930.htm,5.0,6.0,1.0,20.0,4.0,1.0,Risk Section
487,WY,https://www.sec.gov/Archives/edgar/data/106535/000156459020004822/wy-10k_20191231.htm,0.0,0.0,0.0,0.0,0.0,0.0,Risk Section
488,WHR,https://www.sec.gov/Archives/edgar/data/106640/000010664020000017/whr-1231201910xk.htm,3.0,5.0,4.0,9.0,2.0,2.0,Risk Section
489,WMB,https://www.sec.gov/Archives/edgar/data/107263/000010726320000005/wmb2019123110k.htm,0.0,0.0,0.0,0.0,0.0,0.0,Risk Section
490,WLTW,https://www.sec.gov/Archives/edgar/data/1140536/000156459020006736/wltw-10k_20191231.htm,0.0,0.0,0.0,0.0,0.0,0.0,Risk Section
491,WYNN,https://www.sec.gov/Archives/edgar/data/1174922/000117492220000024/wynn-20191231.htm,1.0,7.0,0.0,3.0,7.0,0.0,Risk Section
492,XEL,https://www.sec.gov/Archives/edgar/data/72903/000007290320000011/xcel1231201910-k.htm,8.0,11.0,2.0,4.0,5.0,1.0,Risk Section
493,XLNX,https://www.sec.gov/Archives/edgar/data/743988/000074398819000012/xlnx330201910k.htm,5.0,2.0,0.0,3.0,2.0,0.0,Risk Section
494,XYL,https://www.sec.gov/Archives/edgar/data/1524472/000152447220000006/xyl1231201910kv1.htm,4.0,9.0,1.0,11.0,1.0,1.0,Risk Section
495,YUM,https://www.sec.gov/Archives/edgar/data/1041061/000104106120000015/yum10k12312019.htm,4.0,6.0,2.0,6.0,3.0,2.0,Risk Section
496,ZBRA,https://www.sec.gov/Archives/edgar/data/877212/000087721220000006/a10k12312019zebra.htm,8.0,3.0,0.0,7.0,3.0,0.0,Risk Section
497,ZBH,https://www.sec.gov/Archives/edgar/data/1136869/000156459020005657/zbh-10k_20191231.htm,3.0,4.0,0.0,2.0,1.0,0.0,Risk Section
498,ZION,https://www.sec.gov/Archives/edgar/data/109380/000010938020000092/zions-20191231.htm,0.0,0.0,0.0,0.0,0.0,0.0,Risk Section
499,ZTS,https://www.sec.gov/Archives/edgar/data/1555280/000155528020000054/zoetis-20191231x10kye.htm,6.0,19.0,0.0,15.0,3.0,4.0,Risk Section
